(-rw-r--r--),http://substack.net/ima(drwxr-xr-x),h(drw(-(-rw-r--r--),http://substack.net/images/1up.png,1up.png
p.svg,1up.svg
(-rw-r--r--),http://substack.net/images/1up.png,1up.png
(-rw-r--r--),http://substack.net/images/1up.png,1up.png
,http://substack.net/images/1up.svg,1up.svg
(-rw-r--r--),http://substack.net/images/1up.png,1up.png
/images/1up.svg,1up.svg
(-rw-r--r--),http://substack.net/images/1up.png,1up.png
/images/1up.svg,1up.svg
(-rw-r--r--),http://substack.net/images/1up.png,1up.png
(-rw-r--r--),http://substack.net/images/1up.png,1up.png
1up.svg
(-rw-r--r--),http://substack.net/images/1up.png,1up.png
1up.svg
(-rw-r--r--),http://substack.net/images/1up.png,1up.png
et/images/1up.svg,1up.svg
(-rw-r--r--),http://substack.net/images/1up.png,1up.png
et/images/1up.svg,1up.svg
(-rw-r--r--),http://substack.net/images/1up.png,1up.png
et/images/1up.svg,1up.svg
(-rw-r--r--),http://substack.net/images/1up.png,1up.png
mages/1up.svg,1up.svg
(-rw-r--r--),http://substack.net/images/1up.png,1up.png
/images/1up.svg,1up.svg
(-rw-r--r--),http://substack.net/images/1up.png,1up.png
svg,1up.svg
(-rw-r--r--),http://substack.net/images/1up.png,1up.png
svg,1up.svg
(-rw-r--r--),http://substack.net/images/1up.png,1up.png
p.svg
(-rw-r--r--),http://substack.net/images/1up.png,1up.png
svg
(-rw-r--r--),http://substack.net/images/1up.png,1up.png
1up.svg,1up.svg
(-rw-r--r--),http://substack.net/images/1up.png,1up.png
1up.svg,1up.svg
(-rw-r--r--),http://substack.net/images/1up.png,1up.png
rw-r--r--),http://substack.net/images/1up.png,1up.png
(-rw-r--r--),http://substack.net/images/1up.png,1up.png
(-rw-r--r--),http://substack.net/images/1up.png,1up.png
(-rw-r--r--),http://substack.net/images/1up.png,1up.png
(-rw-r--r--),http://substack.net/images/1up.png,1up.png
ges/1up.svg,1up.svg
(-rw-r--r--),http://substack.net/images/1up.png,1up.png
ges/1up.svg,1up.svg
(-rw-r--r--),http://substack.net/images/1up.png,1up.png
p.svg
(-rw-r--r--),http://substack.net/images/1up.png,1up.png
p.svg
(-rw-r--r--),http://substack.net/images/1up.png,1up.png
svg
(-rw-r--r--),http://substack.net/images/1up.png,1up.png
svg
(-rw-r--r--),http://substack.net/images/1up.png,1up.png
p.svg,1up.svg
(-rw-r--r--),http://substack.net/images/1up.png,1up.png
p.svg,1up.svg
(-rw-r--r--),http://substack.net/images/1up.png,1up.png
/images/1up.svg,1up.svg
(-rw-r--r--),http://substack.net/images/1up.png,1up.png
/images/1up.svg,1up.svg
(-rw-r--r--),http://substack.net/images/1up.png,1up.png
ck.net/images/1up.svg,1up.svg
(-rw-r--r--),http://substack.net/images/1up.png,1up.png
ck.net/images/1up.svg,1up.svg
(-rw-r--r--),http://substack.net/images/1up.png,1up.png
et/images/1up.svg,1up.svg
(-rw-r--r--),http://substack.net/images/1up.png,1up.png
/images/1up.svg,1up.svg
(-rw-r--r--),http://substack.net/images/1up.png,1up.png
g,1up.svg
(-rw-r--r--),http://substack.net/images/1up.png,1up.png
(-rw-r--r--),http://substack.net/images/1up.png,1up.png
1up.svg
(-rw-r--r--),http://substack.net/images/1up.png,1up.png
1up.svg
(-rw-r--r--),http://substack.net/images/1up.png,1up.png
/images/1up.svg,1up.svg
(-rw-r--r--),http://substack.net/images/1up.png,1up.png
/images/1up.svg,1up.svg
(-rw-r--r--),http://substack.net/images/1up.png,1up.png
p.svg
(-rw-r--r--),http://substack.net/images/1up.png,1up.png
p.svg
(-rw-r--r--),http://substack.net/images/1up.png,1up.png
ges/1up.svg,1up.svg
(-rw-r--r--),http://substack.net/images/1up.png,1up.png
ges/1up.svg,1up.svg
(-rw-r--r--),http://substack.net/images/1up.png,1up.png
s/1up.svg,1up.svg
(-rw-r--r--),http://substack.net/images/1up.png,1up.png
mages/1up.svg,1up.svg
(-rw-r--r--),http://substack.net/images/1up.png,1up.png
1up.svg,1up.svg
(-rw-r--r--),http://substack.net/images/1up.png,1up.png
g,1up.svg
(-rw-r--r--),http://substack.net/images/1up.png,1up.png
g,1up.svg
(-rw-r--r--),http://substack.net/images/1up.png,1up.png
p.svg
(-rw-r--r--),http://substack.net/images/1up.png,1up.png
p.svg
(-rw-r--r--),http://substack.net/images/1up.png,1up.png
svg,1up.svg
(-rw-r--r--),http://substack.net/images/1up.png,1up.png
svg,1up.svg
(-rw-r--r--),http://substack.net/images/1up.png,1up.png
1up.svg
(-rw-r--r--),http://substack.net/images/1up.png,1up.png
1up.svg
(-rw-r--r--),http://substack.net/images/1up.png,1up.png
svg
(-rw-r--r--),http://substack.net/images/1up.png,1up.png
svg
(-rw-r--r--),http://substack.net/images/1up.png,1up.png
ges/1up.svg,1up.svg
(-rw-r--r--),http://substack.net/images/1up.png,1up.png
ges/1up.svg,1up.svg
(-rw-r--r--),http://substack.net/images/1up.png,1up.png
1up.svg
(-rw-r--r--),http://substack.net/images/1up.png,1up.png
p.svg
(-rw-r--r--),http://substack.net/images/1up.png,1up.png
p.svg
(-rw-r--r--),http://substack.net/images/1up.png,1up.png
p.svg,1up.svg
(-rw-r--r--),http://substack.net/images/1up.png,1up.png
p.svg,1up.svg
(-rw-r--r--),http://substack.net/images/1up.png,1up.png
1up.svg
(-rw-r--r--),http://substack.net/images/1up.png,1up.png
1up.svg
(-rw-r--r--),http://substack.net/images/1up.png,1up.png
svg
(-rw-r--r--),http://substack.net/images/1up.png,1up.png
svg
(-rw-r--r--),http://substack.net/images/1up.png,1up.png
-r--r--),http://substack.net/images/1up.svg,1up.svg
(-rw-r--r--),http://substack.net/images/1up.png,1up.png
-r--r--),http://substack.net/images/1up.svg,1up.svg
(-rw-r--r--),http://substack.net/images/1up.png,1up.png
bstack.net/images/1up.svg,1up.svg
(-rw-r--r--),http://substack.net/images/1up.png,1up.png
bstack.net/images/1up.svg,1up.svg
(-rw-r--r--),http://substack.net/images/1up.png,1up.png
e.png
(-rw-r--r--),http://substack.net/images/1up.svg,1up.svg
(-rw-r--r--),http://substack.net/images/1up.png,1up.png
e.png
(-rw-r--r--),http://substack.net/images/1up.svg,1up.svg
(-rw-r--r--),http://substack.net/images/1up.png,1up.png
svg
(-rw-r--r--),http://substack.net/images/1up.png,1up.png
svg
(-rw-r--r--),http://substack.net/images/1up.png,1up.png
/images/1up.svg,1up.svg
(-rw-r--r--),http://substack.net/images/1up.png,1up.png
p.svg,1up.svg
(-rw-r--r--),http://substack.net/images/1up.png,1up.png
p.svg,1up.svg
(-rw-r--r--),http://substack.net/images/1up.png,1up.png
g,1up.svg
(-rw-r--r--),http://substack.net/images/1up.png,1up.png
s/1up.svg,1up.svg
(-rw-r--r--),http://substack.net/images/1up.png,1up.png
s/1up.svg,1up.svg
(-rw-r--r--),http://substack.net/images/1up.png,1up.png
1up.svg,1up.svg
(-rw-r--r--),http://substack.net/images/1up.png,1up.png
1up.svg,1up.svg
(-rw-r--r--),http://substack.net/images/1up.png,1up.png
1up.svg,1up.svg
(-rw-r--r--),http://substack.net/images/1up.png,1up.png
1up.svg,1up.svg
(-rw-r--r--),http://substack.net/images/1up.png,1up.png
1up.svg,1up.svg
(-rw-r--r--),http://substack.net/images/1up.png,1up.png
g
(-rw-r--r--),http://substack.net/images/1up.png,1up.png
g
(-rw-r--r--),http://substack.net/images/1up.png,1up.png
s/1up.svg,1up.svg
(-rw-r--r--),http://substack.net/images/1up.png,1up.png
s/1up.svg,1up.svg
(-rw-r--r--),http://substack.net/images/1up.png,1up.png
mages/1up.svg,1up.svg
(-rw-r--r--),http://substack.net/images/1up.png,1up.png
mages/1up.svg,1up.svg
(-rw-r--r--),http://substack.net/images/1up.png,1up.png
g,1up.svg
(-rw-r--r--),http://substack.net/images/1up.png,1up.png
g,1up.svg
(-rw-r--r--),http://substack.net/images/1up.png,1up.png
1up.svg,1up.svg
(-rw-r--r--),http://substack.net/images/1up.png,1up.png
1up.svg,1up.svg
(-rw-r--r--),http://substack.net/images/1up.png,1up.png
ges/1up.svg,1up.svg
(-rw-r--r--),http://substack.net/images/1up.png,1up.png
ges/1up.svg,1up.svg
(-rw-r--r--),http://substack.net/images/1up.png,1up.png
(-rw-r--r--),http://substack.net/images/1up.png,1up.png
(-rw-r--r--),http://substack.net/images/1up.png,1up.png
1up.svg,1up.svg
(-rw-r--r--),http://substack.net/images/1up.png,1up.png
1up.svg,1up.svg
(-rw-r--r--),http://substack.net/images/1up.png,1up.png
g,1up.svg
(-rw-r--r--),http://substack.net/images/1up.png,1up.png
1up.svg
(-rw-r--r--),http://substack.net/images/1up.png,1up.png
1up.svg
(-rw-r--r--),http://substack.net/images/1up.png,1up.png
s/1up.svg,1up.svg
(-rw-r--r--),http://substack.net/images/1up.png,1up.png
s/1up.svg,1up.svg
(-rw-r--r--),http://substack.net/images/1up.png,1up.png
1up.svg
(-rw-r--r--),http://substack.net/images/1up.png,1up.png
1up.svg
(-rw-r--r--),http://substack.net/images/1up.png,1up.png
g
(-rw-r--r--),http://substack.net/images/1up.png,1up.png
1up.svg
(-rw-r--r--),http://substack.net/images/1up.png,1up.png
1up.svg
(-rw-r--r--),http://substack.net/images/1up.png,1up.png
svg
(-rw-r--r--),http://substack.net/images/1up.png,1up.png
svg
(-rw-r--r--),http://substack.net/images/1up.png,1up.png
.net/images/1up.svg,1up.svg
(-rw-r--r--),http://substack.net/images/1up.png,1up.png
.net/images/1up.svg,1up.svg
(-rw-r--r--),http://substack.net/images/1up.png,1up.png
s/1up.svg,1up.svg
(-rw-r--r--),http://substack.net/images/1up.png,1up.png
s/1up.svg,1up.svg
(-rw-r--r--),http://substack.net/images/1up.png,1up.png
p.svg
(-rw-r--r--),http://substack.net/images/1up.png,1up.png
mages/1up.svg,1up.svg
(-rw-r--r--),http://substack.net/images/1up.png,1up.png
svg,1up.svg
(-rw-r--r--),http://substack.net/images/1up.png,1up.png
p.svg
(-rw-r--r--),http://substack.net/images/1up.png,1up.png
/images/1up.svg,1up.svg
(-rw-r--r--),http://substack.net/images/1up.png,1up.png
/images/1up.svg,1up.svg
(-rw-r--r--),http://substack.net/images/1up.png,1up.png
g,1up.svg
(-rw-r--r--),http://substack.net/images/1up.png,1up.png
g,1up.svg
(-rw-r--r--),http://substack.net/images/1up.png,1up.png
ck.net/images/1up.svg,1up.svg
(-rw-r--r--),http://substack.net/images/1up.png,1up.png
ck.net/images/1up.svg,1up.svg
(-rw-r--r--),http://substack.net/images/1up.png,1up.png
(-rw-r--r--),http://substack.net/images/1up.png,1up.png
(-rw-r--r--),http://substack.net/images/1up.png,1up.png
1up.svg
(-rw-r--r--),http://substack.net/images/1up.png,1up.png
g,1up.svg
(-rw-r--r--),http://substack.net/images/1up.png,1up.png
g
(-rw-r--r--),http://substack.net/images/1up.png,1up.png
g
(-rw-r--r--),http://substack.net/images/1up.png,1up.png
p.svg
(-rw-r--r--),http://substack.net/images/1up.png,1up.png
p.svg
(-rw-r--r--),http://substack.net/images/1up.png,1up.png
g,1up.svg
(-rw-r--r--),http://substack.net/images/1up.png,1up.png
g,1up.svg
(-rw-r--r--),http://substack.net/images/1up.png,1up.png
/images/1up.svg,1up.svg
(-rw-r--r--),http://substack.net/images/1up.png,1up.png
/images/1up.svg,1up.svg
(-rw-r--r--),http://substack.net/images/1up.png,1up.png
/images/1up.svg,1up.svg
(-rw-r--r--),http://substack.net/images/1up.png,1up.png
svg
(-rw-r--r--),http://substack.net/images/1up.png,1up.png
svg
(-rw-r--r--),http://substack.net/images/1up.png,1up.png
bstack.net/images/1up.svg,1up.svg
(-rw-r--r--),http://substack.net/images/1up.png,1up.png
bstack.net/images/1up.svg,1up.svg
(-rw-r--r--),http://substack.net/images/1up.png,1up.png
p.svg,1up.svg
(-rw-r--r--),http://substack.net/images/1up.png,1up.png
p.svg,1up.svg
(-rw-r--r--),http://substack.net/images/1up.png,1up.png
p.svg,1up.svg
(-rw-r--r--),http://substack.net/images/1up.png,1up.png
p.svg,1up.svg
(-rw-r--r--),http://substack.net/images/1up.png,1up.png
g
(-rw-r--r--),http://substack.net/images/1up.png,1up.png
mages/1up.svg,1up.svg
(-rw-r--r--),http://substack.net/images/1up.png,1up.png
mages/1up.svg,1up.svg
(-rw-r--r--),http://substack.net/images/1up.png,1up.png
pvote.png
(-rw-r--r--),http://substack.net/images/1up.svg,1up.svg
(-rw-r--r--),http://substack.net/images/1up.png,1up.png
pvote.png
(-rw-r--r--),http://substack.net/images/1up.svg,1up.svg
(-rw-r--r--),http://substack.net/images/1up.png,1up.png
p.svg,1up.svg
(-rw-r--r--),http://substack.net/images/1up.png,1up.png
g
(-rw-r--r--),http://substack.net/images/1up.png,1up.png
1up.svg,1up.svg
(-rw-r--r--),http://substack.net/images/1up.png,1up.png
p.svg
(-rw-r--r--),http://substack.net/images/1up.png,1up.png
ges/1up.svg,1up.svg
(-rw-r--r--),http://substack.net/images/1up.png,1up.png
p.svg
(-rw-r--r--),http://substack.net/images/1up.png,1up.png
p.svg
(-rw-r--r--),http://substack.net/images/1up.png,1up.png
1up.svg
(-rw-r--r--),http://substack.net/images/1up.png,1up.png
//substack.net/images/1up.svg,1up.svg
(-rw-r--r--),http://substack.net/images/1up.png,1up.png
//substack.net/images/1up.svg,1up.svg
(-rw-r--r--),http://substack.net/images/1up.png,1up.png
svg,1up.svg
(-rw-r--r--),http://substack.net/images/1up.png,1up.png
svg,1up.svg
(-rw-r--r--),http://substack.net/images/1up.png,1up.png
1up.svg,1up.svg
(-rw-r--r--),http://substack.net/images/1up.png,1up.png
1up.svg,1up.svg
(-rw-r--r--),http://substack.net/images/1up.png,1up.png
p.svg
(-rw-r--r--),http://substack.net/images/1up.png,1up.png
1up.svg
(-rw-r--r--),http://substack.net/images/1up.png,1up.png
1up.svg
(-rw-r--r--),http://substack.net/images/1up.png,1up.png
p.svg
(-rw-r--r--),http://substack.net/images/1up.png,1up.png
p.svg
(-rw-r--r--),http://substack.net/images/1up.png,1up.png
g
(-rw-r--r--),http://substack.net/images/1up.png,1up.png
1up.svg
(-rw-r--r--),http://substack.net/images/1up.png,1up.png
1up.svg
(-rw-r--r--),http://substack.net/images/1up.png,1up.png
1up.svg,1up.svg
(-rw-r--r--),http://substack.net/images/1up.png,1up.png
1up.svg,1up.svg
(-rw-r--r--),http://substack.net/images/1up.png,1up.png
1up.svg
(-rw-r--r--),http://substack.net/images/1up.png,1up.png
1up.svg
(-rw-r--r--),http://substack.net/images/1up.png,1up.png
1up.svg,1up.svg
(-rw-r--r--),http://substack.net/images/1up.png,1up.png
1up.svg,1up.svg
(-rw-r--r--),http://substack.net/images/1up.png,1up.png
pvote.png
(-rw-r--r--),http://substack.net/images/1up.svg,1up.svg
(-rw-r--r--),http://substack.net/images/1up.png,1up.png
pvote.png
(-rw-r--r--),http://substack.net/images/1up.svg,1up.svg
(-rw-r--r--),http://substack.net/images/1up.png,1up.png
et/images/1up.svg,1up.svg
(-rw-r--r--),http://substack.net/images/1up.png,1up.png
et/images/1up.svg,1up.svg
(-rw-r--r--),http://substack.net/images/1up.png,1up.png
mages/1up.svg,1up.svg
(-rw-r--r--),http://substack.net/images/1up.png,1up.png
mages/1up.svg,1up.svg
(-rw-r--r--),http://substack.net/images/1up.png,1up.png
p.svg
(-rw-r--r--),http://substack.net/images/1up.png,1up.png
p.svg
(-rw-r--r--),http://substack.net/images/1up.png,1up.png
(-rw-r--r--),http://substack.net/images/1up.png,1up.png
(-rw-r--r--),http://substack.net/images/1up.png,1up.png
(-rw-r--r--),http://substack.net/images/1up.png,1up.png
g,1up.svg
(-rw-r--r--),http://substack.net/images/1up.png,1up.png
.net/images/1up.svg,1up.svg
(-rw-r--r--),http://substack.net/images/1up.png,1up.png
1up.svg
(-rw-r--r--),http://substack.net/images/1up.png,1up.png
1up.svg
(-rw-r--r--),http://substack.net/images/1up.png,1up.png
/images/1up.svg,1up.svg
(-rw-r--r--),http://substack.net/images/1up.png,1up.png
/images/1up.svg,1up.svg
(-rw-r--r--),http://substack.net/images/1up.png,1up.png
/images/1up.svg,1up.svg
(-rw-r--r--),http://substack.net/images/1up.png,1up.png
/images/1up.svg,1up.svg
(-rw-r--r--),http://substack.net/images/1up.png,1up.png
s/1up.svg,1up.svg
(-rw-r--r--),http://substack.net/images/1up.png,1up.png
s/1up.svg,1up.svg
(-rw-r--r--),http://substack.net/images/1up.png,1up.png
svg,1up.svg
(-rw-r--r--),http://substack.net/images/1up.png,1up.png
mages/1up.svg,1up.svg
(-rw-r--r--),http://substack.net/images/1up.png,1up.png
mages/1up.svg,1up.svg
(-rw-r--r--),http://substack.net/images/1up.png,1up.png
bstack.net/images/1up.svg,1up.svg
(-rw-r--r--),http://substack.net/images/1up.png,1up.png
p.svg,1up.svg
(-rw-r--r--),http://substack.net/images/1up.png,1up.png
svg,1up.svg
(-rw-r--r--),http://substack.net/images/1up.png,1up.png
1up.svg
(-rw-r--r--),http://substack.net/images/1up.png,1up.png
1up.svg
(-rw-r--r--),http://substack.net/images/1up.png,1up.png
et/images/1up.svg,1up.svg
(-rw-r--r--),http://substack.net/images/1up.png,1up.png
1up.svg
(-rw-r--r--),http://substack.net/images/1up.png,1up.png
1up.svg
(-rw-r--r--),http://substack.net/images/1up.png,1up.png
p.svg,1up.svg
(-rw-r--r--),http://substack.net/images/1up.png,1up.png
p.svg,1up.svg
(-rw-r--r--),http://substack.net/images/1up.png,1up.png
mages/1up.svg,1up.svg
(-rw-r--r--),http://substack.net/images/1up.png,1up.png
mages/1up.svg,1up.svg
(-rw-r--r--),http://substack.net/images/1up.png,1up.png
svg
(-rw-r--r--),http://substack.net/images/1up.png,1up.png
svg
(-rw-r--r--),http://substack.net/images/1up.png,1up.png
svg,1up.svg
(-rw-r--r--),http://substack.net/images/1up.png,1up.png
svg,1up.svg
(-rw-r--r--),http://substack.net/images/1up.png,1up.png
mages/1up.svg,1up.svg
(-rw-r--r--),http://substack.net/images/1up.png,1up.png
mages/1up.svg,1up.svg
(-rw-r--r--),http://substack.net/images/1up.png,1up.png
mages/1up.svg,1up.svg
(-rw-r--r--),http://substack.net/images/1up.png,1up.png
1up.svg,1up.svg
(-rw-r--r--),http://substack.net/images/1up.png,1up.png
1up.svg,1up.svg
(-rw-r--r--),http://substack.net/images/1up.png,1up.png
.net/images/1up.svg,1up.svg
(-rw-r--r--),http://substack.net/images/1up.png,1up.png
.net/images/1up.svg,1up.svg
(-rw-r--r--),http://substack.net/images/1up.png,1up.png
.net/images/1up.svg,1up.svg
(-rw-r--r--),http://substack.net/images/1up.png,1up.png
.net/images/1up.svg,1up.svg
(-rw-r--r--),http://substack.net/images/1up.png,1up.png
(-rw-r--r--),http://substack.net/images/1up.png,1up.png
p.svg
(-rw-r--r--),http://substack.net/images/1up.png,1up.png
p.svg
(-rw-r--r--),http://substack.net/images/1up.png,1up.png
p.svg,1up.svg
(-rw-r--r--),http://substack.net/images/1up.png,1up.png
p.svg,1up.svg
(-rw-r--r--),http://substack.net/images/1up.png,1up.png
svg
(-rw-r--r--),http://substack.net/images/1up.png,1up.png
svg
(-rw-r--r--),http://substack.net/images/1up.png,1up.png
1up.svg
(-rw-r--r--),http://substack.net/images/1up.png,1up.png
1up.svg
(-rw-r--r--),http://substack.net/images/1up.png,1up.png
1up.svg
(-rw-r--r--),http://substack.net/images/1up.png,1up.png
et/images/1up.svg,1up.svg
(-rw-r--r--),http://substack.net/images/1up.png,1up.png
et/images/1up.svg,1up.svg
(-rw-r--r--),http://substack.net/images/1up.png,1up.png
s/1up.svg,1up.svg
(-rw-r--r--),http://substack.net/images/1up.png,1up.png
s/1up.svg,1up.svg
(-rw-r--r--),http://substack.net/images/1up.png,1up.png
ges/1up.svg,1up.svg
(-rw-r--r--),http://substack.net/images/1up.png,1up.png
ges/1up.svg,1up.svg
(-rw-r--r--),http://substack.net/images/1up.png,1up.png
p.svg,1up.svg
(-rw-r--r--),http://substack.net/images/1up.png,1up.png
p.svg,1up.svg
(-rw-r--r--),http://substack.net/images/1up.png,1up.png
s/1up.svg,1up.svg
(-rw-r--r--),http://substack.net/images/1up.png,1up.png
s/1up.svg,1up.svg
(-rw-r--r--),http://substack.net/images/1up.png,1up.png
1up.svg
(-rw-r--r--),http://substack.net/images/1up.png,1up.png
p.svg
(-rw-r--r--),http://substack.net/images/1up.png,1up.png
p.svg
(-rw-r--r--),http://substack.net/images/1up.png,1up.png
s/1up.svg,1up.svg
(-rw-r--r--),http://substack.net/images/1up.png,1up.png
s/1up.svg,1up.svg
(-rw-r--r--),http://substack.net/images/1up.png,1up.png
ges/1up.svg,1up.svg
(-rw-r--r--),http://substack.net/images/1up.png,1up.png
g
(-rw-r--r--),http://substack.net/images/1up.png,1up.png
g
(-rw-r--r--),http://substack.net/images/1up.png,1up.png
p.svg,1up.svg
(-rw-r--r--),http://substack.net/images/1up.png,1up.png
p.svg,1up.svg
(-rw-r--r--),http://substack.net/images/1up.png,1up.png
g
(-rw-r--r--),http://substack.net/images/1up.png,1up.png
g
(-rw-r--r--),http://substack.net/images/1up.png,1up.png
svg,1up.svg
(-rw-r--r--),http://substack.net/images/1up.png,1up.png
et/images/1up.svg,1up.svg
(-rw-r--r--),http://substack.net/images/1up.png,1up.png
g,1up.svg
(-rw-r--r--),http://substack.net/images/1up.png,1up.png
g,1up.svg
(-rw-r--r--),http://substack.net/images/1up.png,1up.png
ges/1up.svg,1up.svg
(-rw-r--r--),http://substack.net/images/1up.png,1up.png
ck.net/images/1up.svg,1up.svg
(-rw-r--r--),http://substack.net/images/1up.png,1up.png
ck.net/images/1up.svg,1up.svg
(-rw-r--r--),http://substack.net/images/1up.png,1up.png
svg
(-rw-r--r--),http://substack.net/images/1up.png,1up.png
p.svg
(-rw-r--r--),http://substack.net/images/1up.png,1up.png
p.svg
(-rw-r--r--),http://substack.net/images/1up.png,1up.png
g,1up.svg
(-rw-r--r--),http://substack.net/images/1up.png,1up.png
g,1up.svg
(-rw-r--r--),http://substack.net/images/1up.png,1up.png
svg
(-rw-r--r--),http://substack.net/images/1up.png,1up.png
1up.svg
(-rw-r--r--),http://substack.net/images/1up.png,1up.png
1up.svg
(-rw-r--r--),http://substack.net/images/1up.png,1up.png
svg
(-rw-r--r--),http://substack.net/images/1up.png,1up.png
svg
(-rw-r--r--),http://substack.net/images/1up.png,1up.png
/images/1up.svg,1up.svg
(-rw-r--r--),http://substack.net/images/1up.png,1up.png
/images/1up.svg,1up.svg
(-rw-r--r--),http://substack.net/images/1up.png,1up.png
/images/1up.svg,1up.svg
(-rw-r--r--),http://substack.net/images/1up.png,1up.png
p.svg,1up.svg
(-rw-r--r--),http://substack.net/images/1up.png,1up.png
(-rw-r--r--),http://substack.net/images/1up.png,1up.png
(-rw-r--r--),http://substack.net/images/1up.png,1up.png
.net/images/1up.svg,1up.svg
(-rw-r--r--),http://substack.net/images/1up.png,1up.png
.net/images/1up.svg,1up.svg
(-rw-r--r--),http://substack.net/images/1up.png,1up.png
mages/1up.svg,1up.svg
(-rw-r--r--),http://substack.net/images/1up.png,1up.png
mages/1up.svg,1up.svg
(-rw-r--r--),http://substack.net/images/1up.png,1up.png
mages/1up.svg,1up.svg
(-rw-r--r--),http://substack.net/images/1up.png,1up.png
mages/1up.svg,1up.svg
(-rw-r--r--),http://substack.net/images/1up.png,1up.png
mages/1up.svg,1up.svg
(-rw-r--r--),http://substack.net/images/1up.png,1up.png
1up.svg,1up.svg
(-rw-r--r--),http://substack.net/images/1up.png,1up.png
1up.svg,1up.svg
(-rw-r--r--),http://substack.net/images/1up.png,1up.png
1up.svg
(-rw-r--r--),http://substack.net/images/1up.png,1up.png
1up.svg
(-rw-r--r--),http://substack.net/images/1up.png,1up.png
s/1up.svg,1up.svg
(-rw-r--r--),http://substack.net/images/1up.png,1up.png
s/1up.svg,1up.svg
(-rw-r--r--),http://substack.net/images/1up.png,1up.png
et/images/1up.svg,1up.svg
(-rw-r--r--),http://substack.net/images/1up.png,1up.png
et/images/1up.svg,1up.svg
(-rw-r--r--),http://substack.net/images/1up.png,1up.png
g
(-rw-r--r--),http://substack.net/images/1up.png,1up.png
g
(-rw-r--r--),http://substack.net/images/1up.png,1up.png
g
(-rw-r--r--),http://substack.net/images/1up.png,1up.png
g,1up.svg
(-rw-r--r--),http://substack.net/images/1up.png,1up.png
//substack.net/images/1up.svg,1up.svg
(-rw-r--r--),http://substack.net/images/1up.png,1up.png
//substack.net/images/1up.svg,1up.svg
(-rw-r--r--),http://substack.net/images/1up.png,1up.png
p.svg
(-rw-r--r--),http://substack.net/images/1up.png,1up.png
p.svg
(-rw-r--r--),http://substack.net/images/1up.png,1up.png
p://substack.net/images/1up.svg,1up.svg
(-rw-r--r--),http://substack.net/images/1up.png,1up.png
g
(-rw-r--r--),http://substack.net/images/1up.png,1up.png
g
(-rw-r--r--),http://substack.net/images/1up.png,1up.png
//substack.net/images/1up.svg,1up.svg
(-rw-r--r--),http://substack.net/images/1up.png,1up.png
g,1up.svg
(-rw-r--r--),http://substack.net/images/1up.png,1up.png
g,1up.svg
(-rw-r--r--),http://substack.net/images/1up.png,1up.png
g,1up.svg
(-rw-r--r--),http://substack.net/images/1up.png,1up.png
et/images/1up.svg,1up.svg
(-rw-r--r--),http://substack.net/images/1up.png,1up.png
et/images/1up.svg,1up.svg
(-rw-r--r--),http://substack.net/images/1up.png,1up.png
p.svg,1up.svg
(-rw-r--r--),http://substack.net/images/1up.png,1up.png
g,1up.svg
(-rw-r--r--),http://substack.net/images/1up.png,1up.png
g,1up.svg
(-rw-r--r--),http://substack.net/images/1up.png,1up.png
g,1up.svg
(-rw-r--r--),http://substack.net/images/1up.png,1up.png
s/1up.svg,1up.svg
(-rw-r--r--),http://substack.net/images/1up.png,1up.png
mages/1up.svg,1up.svg
(-rw-r--r--),http://substack.net/images/1up.png,1up.png
et/images/1up.svg,1up.svg
(-rw-r--r--),http://substack.net/images/1up.png,1up.png
et/images/1up.svg,1up.svg
(-rw-r--r--),http://substack.net/images/1up.png,1up.png
/images/1up.svg,1up.svg
(-rw-r--r--),http://substack.net/images/1up.png,1up.png
p://substack.net/images/1up.svg,1up.svg
(-rw-r--r--),http://substack.net/images/1up.png,1up.png
tack.net/images/1up.svg,1up.svg
(-rw-r--r--),http://substack.net/images/1up.png,1up.png
tack.net/images/1up.svg,1up.svg
(-rw-r--r--),http://substack.net/images/1up.png,1up.png
mages/1up.svg,1up.svg
(-rw-r--r--),http://substack.net/images/1up.png,1up.png
ges/1up.svg,1up.svg
(-rw-r--r--),http://substack.net/images/1up.png,1up.png
svg
(-rw-r--r--),http://substack.net/images/1up.png,1up.png
svg
(-rw-r--r--),http://substack.net/images/1up.png,1up.png
svg
(-rw-r--r--),http://substack.net/images/1up.png,1up.png
svg
(-rw-r--r--),http://substack.net/images/1up.png,1up.png
g
(-rw-r--r--),http://substack.net/images/1up.png,1up.png
g
(-rw-r--r--),http://substack.net/images/1up.png,1up.png
svg,1up.svg
(-rw-r--r--),http://substack.net/images/1up.png,1up.png
mages/1up.svg,1up.svg
(-rw-r--r--),http://substack.net/images/1up.png,1up.png
mages/1up.svg,1up.svg
(-rw-r--r--),http://substack.net/images/1up.png,1up.png
/images/1up.svg,1up.svg
(-rw-r--r--),http://substack.net/images/1up.png,1up.png
p.svg
(-rw-r--r--),http://substack.net/images/1up.png,1up.png
p.svg
(-rw-r--r--),http://substack.net/images/1up.png,1up.png
1up.svg,1up.svg
(-rw-r--r--),http://substack.net/images/1up.png,1up.png
mages/1up.svg,1up.svg
(-rw-r--r--),http://substack.net/images/1up.png,1up.png
.net/images/1up.svg,1up.svg
(-rw-r--r--),http://substack.net/images/1up.png,1up.png
ck.net/images/1up.svg,1up.svg
(-rw-r--r--),http://substack.net/images/1up.png,1up.png
et/images/1up.svg,1up.svg
(-rw-r--r--),http://substack.net/images/1up.png,1up.png
.net/images/1up.svg,1up.svg
(-rw-r--r--),http://substack.net/images/1up.png,1up.png
p.svg,1up.svg
(-rw-r--r--),http://substack.net/images/1up.png,1up.png
p.svg,1up.svg
(-rw-r--r--),http://substack.net/images/1up.png,1up.png
g,1up.svg
(-rw-r--r--),http://substack.net/images/1up.png,1up.png
g,1up.svg
(-rw-r--r--),http://substack.net/images/1up.png,1up.png
mages/1up.svg,1up.svg
(-rw-r--r--),http://substack.net/images/1up.png,1up.png
mages/1up.svg,1up.svg
(-rw-r--r--),http://substack.net/images/1up.png,1up.png
bstack.net/images/1up.svg,1up.svg
(-rw-r--r--),http://substack.net/images/1up.png,1up.png
s/1up.svg,1up.svg
(-rw-r--r--),http://substack.net/images/1up.png,1up.png
/images/1up.svg,1up.svg
(-rw-r--r--),http://substack.net/images/1up.png,1up.png
ck.net/images/1up.svg,1up.svg
(-rw-r--r--),http://substack.net/images/1up.png,1up.png
ck.net/images/1up.svg,1up.svg
(-rw-r--r--),http://substack.net/images/1up.png,1up.png
.net/images/1up.svg,1up.svg
(-rw-r--r--),http://substack.net/images/1up.png,1up.png
ges/1up.svg,1up.svg
(-rw-r--r--),http://substack.net/images/1up.png,1up.png
ttp://substack.net/images/1up.svg,1up.svg
(-rw-r--r--),http://substack.net/images/1up.png,1up.png
et/images/1up.svg,1up.svg
(-rw-r--r--),http://substack.net/images/1up.png,1up.png
et/images/1up.svg,1up.svg
(-rw-r--r--),http://substack.net/images/1up.png,1up.png
mages/1up.svg,1up.svg
(-rw-r--r--),http://substack.net/images/1up.png,1up.png
mages/1up.svg,1up.svg
(-rw-r--r--),http://substack.net/images/1up.png,1up.png
g,1up.svg
(-rw-r--r--),http://substack.net/images/1up.png,1up.png
g,1up.svg
(-rw-r--r--),http://substack.net/images/1up.png,1up.png
ges/1up.svg,1up.svg
(-rw-r--r--),http://substack.net/images/1up.png,1up.png
ges/1up.svg,1up.svg
(-rw-r--r--),http://substack.net/images/1up.png,1up.png
1up.svg
(-rw-r--r--),http://substack.net/images/1up.png,1up.png
1up.svg
(-rw-r--r--),http://substack.net/images/1up.png,1up.png
ges/1up.svg,1up.svg
(-rw-r--r--),http://substack.net/images/1up.png,1up.png
ges/1up.svg,1up.svg
(-rw-r--r--),http://substack.net/images/1up.png,1up.png
p.svg,1up.svg
(-rw-r--r--),http://substack.net/images/1up.png,1up.png
mages/1up.svg,1up.svg
(-rw-r--r--),http://substack.net/images/1up.png,1up.png
mages/1up.svg,1up.svg
(-rw-r--r--),http://substack.net/images/1up.png,1up.png
g
(-rw-r--r--),http://substack.net/images/1up.png,1up.png
1up.svg,1up.svg
(-rw-r--r--),http://substack.net/images/1up.png,1up.png
1up.svg,1up.svg
(-rw-r--r--),http://substack.net/images/1up.png,1up.png
1up.svg
(-rw-r--r--),http://substack.net/images/1up.png,1up.png
1up.svg
(-rw-r--r--),http://substack.net/images/1up.png,1up.png
1up.svg
(-rw-r--r--),http://substack.net/images/1up.png,1up.png
tack.net/images/1up.svg,1up.svg
(-rw-r--r--),http://substack.net/images/1up.png,1up.png
tack.net/images/1up.svg,1up.svg
(-rw-r--r--),http://substack.net/images/1up.png,1up.png
/images/1up.svg,1up.svg
(-rw-r--r--),http://substack.net/images/1up.png,1up.png
/images/1up.svg,1up.svg
(-rw-r--r--),http://substack.net/images/1up.png,1up.png
p.svg
(-rw-r--r--),http://substack.net/images/1up.png,1up.png
p.svg
(-rw-r--r--),http://substack.net/images/1up.png,1up.png
svg,1up.svg
(-rw-r--r--),http://substack.net/images/1up.png,1up.png
s/1up.svg,1up.svg
(-rw-r--r--),http://substack.net/images/1up.png,1up.png
s/1up.svg,1up.svg
(-rw-r--r--),http://substack.net/images/1up.png,1up.png
p.svg,1up.svg
(-rw-r--r--),http://substack.net/images/1up.png,1up.png
p.svg,1up.svg
(-rw-r--r--),http://substack.net/images/1up.png,1up.png
svg
(-rw-r--r--),http://substack.net/images/1up.png,1up.png
svg
(-rw-r--r--),http://substack.net/images/1up.png,1up.png
/images/1up.svg,1up.svg
(-rw-r--r--),http://substack.net/images/1up.png,1up.png
p.svg
(-rw-r--r--),http://substack.net/images/1up.png,1up.png
p.svg
(-rw-r--r--),http://substack.net/images/1up.png,1up.png
p.svg,1up.svg
(-rw-r--r--),http://substack.net/images/1up.png,1up.png
p.svg,1up.svg
(-rw-r--r--),http://substack.net/images/1up.png,1up.png
/images/1up.svg,1up.svg
(-rw-r--r--),http://substack.net/images/1up.png,1up.png
ges/1up.svg,1up.svg
(-rw-r--r--),http://substack.net/images/1up.png,1up.png
svg,1up.svg
(-rw-r--r--),http://substack.net/images/1up.png,1up.png
svg,1up.svg
(-rw-r--r--),http://substack.net/images/1up.png,1up.png
g
(-rw-r--r--),http://substack.net/images/1up.png,1up.png
g
(-rw-r--r--),http://substack.net/images/1up.png,1up.png
g,1up.svg
(-rw-r--r--),http://substack.net/images/1up.png,1up.png
g,1up.svg
(-rw-r--r--),http://substack.net/images/1up.png,1up.png
1up.svg
(-rw-r--r--),http://substack.net/images/1up.png,1up.png
1up.svg
(-rw-r--r--),http://substack.net/images/1up.png,1up.png
1up.svg
(-rw-r--r--),http://substack.net/images/1up.png,1up.png
svg
(-rw-r--r--),http://substack.net/images/1up.png,1up.png
p.svg
(-rw-r--r--),http://substack.net/images/1up.png,1up.png
svg,1up.svg
(-rw-r--r--),http://substack.net/images/1up.png,1up.png
g,1up.svg
(-rw-r--r--),http://substack.net/images/1up.png,1up.png
g
(-rw-r--r--),http://substack.net/images/1up.png,1up.png
svg
(-rw-r--r--),http://substack.net/images/1up.png,1up.png
s/1up.svg,1up.svg
(-rw-r--r--),http://substack.net/images/1up.png,1up.png
--r--),http://substack.net/images/1up.png,1up.png
rw-r--r--),http://substack.net/images/1up.png,1up.png
1up.svg,1up.svg
(-rw-r--r--),http://substack.net/images/1up.png,1up.png
(-rw-r--r--),http://substack.net/images/1up.png,1up.png
.net/images/1up.svg,1up.svg
(-rw-r--r--),http://substack.net/images/1up.png,1up.png
-r--r--),http://substack.net/images/1up.png,1up.png
-r--r--),http://substack.net/images/1up.png,1up.png
et/images/1up.svg,1up.svg
(-rw-r--r--),http://substack.net/images/1up.png,1up.png
g
(-rw-r--r--),http://substack.net/images/1up.png,1up.png
.net/images/1up.svg,1up.svg
(-rw-r--r--),http://substack.net/images/1up.png,1up.png
-r--r--),http://substack.net/images/1up.png,1up.png
-r--r--),http://substack.net/images/1up.png,1up.png
-r--r--),http://substack.net/images/1up.png,1up.png
svg
(-rw-r--r--),http://substack.net/images/1up.png,1up.png
1up.svg
(-rw-r--r--),http://substack.net/images/1up.png,1up.png
rw-r--r--),http://substack.net/images/1up.png,1up.png
p.svg
(-rw-r--r--),http://substack.net/images/1up.png,1up.png
rw-r--r--),http://substack.net/images/1up.png,1up.png
ck.net/images/1up.svg,1up.svg
(-rw-r--r--),http://substack.net/images/1up.png,1up.png
svg,1up.svg
(-rw-r--r--),http://substack.net/images/1up.png,1up.png
svg
(-rw-r--r--),http://substack.net/images/1up.png,1up.png
g,1up.svg
(-rw-r--r--),http://substack.net/images/1up.png,1up.png
1up.svg
(-rw-r--r--),http://substack.net/images/1up.png,1up.png
svg,1up.svg
(-rw-r--r--),http://substack.net/images/1up.png,1up.png
.net/images/1up.svg,1up.svg
(-rw-r--r--),http://substack.net/images/1up.png,1up.png
